id,difficulty,config,error_px,score,ai_fallback,periodic_detected
0,easy,full,0.006,0.934,False,False
0,easy,no_preproc,0.004,0.954,False,False
0,easy,no_multiscale,0.173,0.337,False,False
0,easy,no_subpixel,0.0,0.934,False,False
1,easy,full,0.062,0.734,False,False
1,easy,no_preproc,0.069,0.74,False,False
1,easy,no_multiscale,0.062,0.734,False,False
1,easy,no_subpixel,0.72,0.734,False,False
2,easy,full,0.203,0.872,False,False
2,easy,no_preproc,0.198,0.874,False,False
2,easy,no_multiscale,0.263,0.62,False,False
2,easy,no_subpixel,0.532,0.872,False,False
3,easy,full,0.017,0.844,False,False
3,easy,no_preproc,0.016,0.858,False,False
3,easy,no_multiscale,340.395,0.104,False,False
3,easy,no_subpixel,0.398,0.844,False,False
4,easy,full,0.005,0.927,False,False
4,easy,no_preproc,0.005,0.93,False,False
4,easy,no_multiscale,0.151,0.367,False,False
4,easy,no_subpixel,0.0,0.927,False,False
5,easy,full,0.008,0.932,False,False
5,easy,no_preproc,0.004,0.957,False,False
5,easy,no_multiscale,0.008,0.932,False,False
5,easy,no_subpixel,0.0,0.932,False,False
6,easy,full,0.006,0.925,False,False
6,easy,no_preproc,0.006,0.934,False,False
6,easy,no_multiscale,0.006,0.925,False,False
6,easy,no_subpixel,0.0,0.925,False,False
7,easy,full,0.091,0.777,False,False
7,easy,no_preproc,0.102,0.799,False,False
7,easy,no_multiscale,0.32,0.305,False,False
7,easy,no_subpixel,0.484,0.777,False,False
8,easy,full,0.081,0.722,False,False
8,easy,no_preproc,0.082,0.714,False,False
8,easy,no_multiscale,3.41,0.118,False,False
8,easy,no_subpixel,0.309,0.722,False,False
9,easy,full,0.028,0.791,False,False
9,easy,no_preproc,0.036,0.8,False,False
9,easy,no_multiscale,405.204,0.107,False,True
9,easy,no_subpixel,0.707,0.791,False,False
10,easy,full,0.052,0.873,False,False
10,easy,no_preproc,0.07,0.88,False,False
10,easy,no_multiscale,0.148,0.367,False,False
10,easy,no_subpixel,0.31,0.873,False,False
11,easy,full,0.042,0.913,False,False
11,easy,no_preproc,0.056,0.982,False,False
11,easy,no_multiscale,0.18,0.368,False,False
11,easy,no_subpixel,0.208,0.913,False,False
12,easy,full,0.072,0.81,False,False
12,easy,no_preproc,0.088,0.809,False,False
12,easy,no_multiscale,0.183,0.313,False,False
12,easy,no_subpixel,0.464,0.81,False,False
13,easy,full,0.013,0.789,False,False
13,easy,no_preproc,0.007,0.766,False,False
13,easy,no_multiscale,2.164,0.166,False,False
13,easy,no_subpixel,0.707,0.789,False,False
14,easy,full,0.122,0.858,False,False
14,easy,no_preproc,0.114,0.85,False,False
14,easy,no_multiscale,1.707,0.14,False,False
14,easy,no_subpixel,0.421,0.858,False,False
15,easy,full,0.003,0.938,False,False
15,easy,no_preproc,0.003,0.996,False,False
15,easy,no_multiscale,0.583,0.3,True,False
15,easy,no_subpixel,0.0,0.938,False,False
16,easy,full,0.007,0.939,False,False
16,easy,no_preproc,0.002,0.992,False,False
16,easy,no_multiscale,0.007,0.939,False,False
16,easy,no_subpixel,0.0,0.939,False,False
17,easy,full,0.074,0.837,False,False
17,easy,no_preproc,0.089,0.78,False,False
17,easy,no_multiscale,96.3,0.099,False,True
17,easy,no_subpixel,0.441,0.837,False,False
18,easy,full,0.009,0.791,False,False
18,easy,no_preproc,0.009,0.774,False,False
18,easy,no_multiscale,201.013,0.098,False,True
18,easy,no_subpixel,0.707,0.791,False,False
19,easy,full,0.044,0.726,False,False
19,easy,no_preproc,0.042,0.717,False,False
19,easy,no_multiscale,2.901,0.132,False,False
19,easy,no_subpixel,0.423,0.726,False,False
20,easy,full,0.005,0.932,False,False
20,easy,no_preproc,0.002,0.982,False,False
20,easy,no_multiscale,0.005,0.932,False,False
20,easy,no_subpixel,0.0,0.932,False,False
21,easy,full,0.094,0.789,False,False
21,easy,no_preproc,0.084,0.782,False,False
21,easy,no_multiscale,3.929,0.128,False,False
21,easy,no_subpixel,0.247,0.789,False,False
22,easy,full,0.012,0.821,False,False
22,easy,no_preproc,0.018,0.812,False,False
22,easy,no_multiscale,330.484,0.117,False,True
22,easy,no_subpixel,0.356,0.821,False,False
23,easy,full,0.004,0.932,False,False
23,easy,no_preproc,0.004,0.98,False,False
23,easy,no_multiscale,0.378,0.329,False,False
23,easy,no_subpixel,0.0,0.932,False,False
24,easy,full,0.169,0.84,False,False
24,easy,no_preproc,0.177,0.824,False,False
24,easy,no_multiscale,410.257,0.108,False,True
24,easy,no_subpixel,0.494,0.84,False,False
25,easy,full,0.221,0.829,False,False
25,easy,no_preproc,0.219,0.82,False,False
25,easy,no_multiscale,3.853,0.104,False,True
25,easy,no_subpixel,0.79,0.829,False,False
26,easy,full,0.045,0.883,False,False
26,easy,no_preproc,0.059,0.942,False,False
26,easy,no_multiscale,0.045,0.883,False,False
26,easy,no_subpixel,0.257,0.883,False,False
27,easy,full,0.091,0.738,False,False
27,easy,no_preproc,0.099,0.734,False,False
27,easy,no_multiscale,601.613,0.11,False,False
27,easy,no_subpixel,0.368,0.738,False,False
28,easy,full,0.209,0.857,False,False
28,easy,no_preproc,0.224,0.83,False,False
28,easy,no_multiscale,2.616,0.131,False,False
28,easy,no_subpixel,0.534,0.857,False,False
29,easy,full,0.044,0.844,False,False
29,easy,no_preproc,0.057,0.804,False,False
29,easy,no_multiscale,3.984,0.125,False,True
29,easy,no_subpixel,0.455,0.844,False,False
30,hard,full,0.142,0.784,False,False
30,hard,no_preproc,0.055,0.941,False,True
30,hard,no_multiscale,0.142,0.784,False,False
30,hard,no_subpixel,0.192,0.784,False,False
31,hard,full,0.157,0.814,False,False
31,hard,no_preproc,128.669,0.937,False,True
31,hard,no_multiscale,131.267,0.463,False,True
31,hard,no_subpixel,0.699,0.814,False,False
32,hard,full,0.262,0.739,False,False
32,hard,no_preproc,110.762,0.897,False,True
32,hard,no_multiscale,115.221,0.634,False,True
32,hard,no_subpixel,0.716,0.739,False,False
33,hard,full,0.183,0.785,False,False
33,hard,no_preproc,313.965,0.923,False,True
33,hard,no_multiscale,115.829,0.6,False,True
33,hard,no_subpixel,0.685,0.785,False,False
34,hard,full,0.086,0.837,False,False
34,hard,no_preproc,0.001,0.991,False,True
34,hard,no_multiscale,147.148,0.625,False,True
34,hard,no_subpixel,0.0,0.837,False,False
35,hard,full,0.055,0.796,False,False
35,hard,no_preproc,0.004,0.984,False,True
35,hard,no_multiscale,0.055,0.796,False,False
35,hard,no_subpixel,0.006,0.796,False,False
36,hard,full,0.16,0.807,False,False
36,hard,no_preproc,0.031,0.915,False,True
36,hard,no_multiscale,163.322,0.582,False,True
36,hard,no_subpixel,0.714,0.807,False,False
37,hard,full,0.117,0.822,False,False
37,hard,no_preproc,0.001,0.989,False,True
37,hard,no_multiscale,106.638,0.639,False,True
37,hard,no_subpixel,0.0,0.822,False,False
38,hard,full,0.081,0.795,False,False
38,hard,no_preproc,111.249,0.943,False,True
38,hard,no_multiscale,115.747,0.632,False,True
38,hard,no_subpixel,0.685,0.795,False,False
39,hard,full,0.295,0.769,False,False
39,hard,no_preproc,248.105,0.92,False,True
39,hard,no_multiscale,115.43,0.614,False,True
39,hard,no_subpixel,0.724,0.769,False,False
